NOMBRE,NOMBRE-VIA,CODIGO-POSTAL,BARRIO,DISTRITO,COORDENADA-X,COORDENADA-Y,LATITUD,LONGITUD
Agencia de Actividades,BUSTAMANTE,28045,DELICIAS,ARGANZUELA,441704,4472640,40.400449587879166,-3.6882686006118175
Agencia de Actividades. Registro,BUSTAMANTE,28045,DELICIAS,ARGANZUELA,441704,4472640,40.400449587879166,-3.6882686006118175
"�rea de Gobierno de Equidad, Derechos Sociales y Empleo",CHOPERA,28045,CHOPERA,ARGANZUELA,440786,4471949,40.39415981141737,-3.6990213657093163
Biblioteca P�blica Municipal Aluche (Latina),CAMARENA,28047,ALUCHE,LATINA,435929,4472190,40.39597072367931,-3.7562716852987847
Biblioteca P�blica Municipal Ana Mar�a Matute (Carabanchel),DE LOS COMUNEROS DE CASTILLA,28019,SAN ISIDRO,CARABANCHEL,438946,4472344,40.3975850662447,-3.7207386328562357
Biblioteca P�blica Municipal �ngel Gonz�lez (Latina),GRANJA DE TORREHERMOSA,28024,ALUCHE,LATINA,435063,4472320,40.397074625115906,-3.7664885474841556
Biblioteca P�blica Municipal Buenavista (Salamanca),TOREROS,28028,GUINDALERA,SALAMANCA,443202,4476130,40.43199309720514,-3.670929243543714
Biblioteca P�blica Municipal Canillejas (San Blas-Canillejas),BOLTA�A,28022,CANILLEJAS,SAN BLAS-CANILLEJAS,448229,4477693,40.44640229188281,-3.6117933204271098
Biblioteca P�blica Municipal Ciudad Lineal (Ciudad Lineal),HERMANOS GARCIA NOBLEJAS,28037,PUEBLO NUEVO,CIUDAD LINEAL,446054,4476600,40.43641736294729,-3.637346971302506
Biblioteca P�blica Municipal Conde Duque (Centro),CONDE DUQUE,28015,UNIVERSIDAD,CENTRO,439833,4475645,40.42738668300474,-3.7105999955473625
Biblioteca P�blica Municipal D�maso Alonso (Chamart�n),MANUEL FERRERO,28036,CASTILLA,CHAMARTIN,442072,4480075,40.467453379213175,-3.6846112774442705
Biblioteca P�blica Municipal Eugenio Tr�as. Casa de Fieras de El Retiro,FERNAN NU�EZ,28009,LOS JERONIMOS,RETIRO,442454,4474428,40.4166091081099,-3.6795930368034804
Biblioteca P�blica Municipal Francisco Ayala (Vic�lvaro),INDALECIO PRIETO,28032,VALDEBERNARDO,VICALVARO,447388,4472529,40.39982891410407,-3.621281890570377
Biblioteca P�blica Municipal Francisco Ib��ez (Chamart�n),MANTUANO,28002,CIUDAD JARDIN,CHAMARTIN,442766,4477922,40.44810636195716,-3.6762309620097398
Biblioteca P�blica Municipal Gabriel Garc�a M�rquez (Usera),PUEBLO,28041,ORCASUR,USERA,440582,4468910,40.366768324753416,-3.701141063083806
Biblioteca P�blica Municipal Gerardo Diego (Villa de Vallecas),MONTE AYA,28031,CASCO HISTORICO VALLECAS,VILLA DE VALLECAS,447248,4470096,40.37790196240434,-3.6227296605039516
Biblioteca P�blica Municipal Gloria Fuertes (Barajas),LOGRO�O,28042,CORRALEJOS,BARAJAS,449770,4479254,40.46055947228695,-3.5937461811785347
Biblioteca P�blica Municipal Huerta de la Salud (Hortaleza),MAR DE LAS ANTILLAS,28033,PINAR DEL REY,HORTALEZA,445295,4480968,40.47571688103069,-3.64667257750353
Biblioteca P�blica Municipal Islas Filipinas (Ciudad Lineal),NUESTRA SE�ORA DEL VILLAR,28017,VENTAS,CIUDAD LINEAL,444814,4475167,40.42342659084215,-3.651841641389484
Biblioteca P�blica Municipal Iv�n de Vargas (Centro),SAN JUSTO,28005,PALACIO,CENTRO,439884,4474170,40.41410290844665,-3.7098591212735883
Biblioteca P�blica Municipal Jos� Hierro (San Blas-Canillejas),MARIA SEVILLA DIAGO,28022,ROSAS,SAN BLAS-CANILLEJAS,448323,4476237,40.433291625973624,-3.6105662311927453
Biblioteca P�blica Municipal Jos� Saramago (Fuencarral-El Pardo),MONFORTE DE LEMOS,28029,EL PILAR,FUENCARRAL-EL PARDO,439977,4481329,40.47860087334554,-3.7094408342979954
Biblioteca P�blica Municipal La Chata (Carabanchel),GENERAL RICARDOS,28025,VISTA ALEGRE,CARABANCHEL,437123,4470774,40.38330593504341,-3.7420633861175796
Biblioteca P�blica Municipal Manuel V�zquez Montalb�n (Tetu�n),FRANCOS RODRIGUEZ,28039,BELLAS VISTAS,TETUAN,439865,4478987,40.45749513485957,-3.710539712535917
Biblioteca P�blica Municipal Mar�a Zambrano (Tetu�n),DONOSO,28029,ALMENARA,TETUAN,440967,4480259,40.46903299144094,-3.6976620067964996
Biblioteca P�blica Municipal Mario Vargas Llosa (Centro),BARCELO,28004,JUSTICIA,CENTRO,440755,4475555,40.426642215368176,-3.699722994908341
Biblioteca P�blica Municipal Miguel Delibes (Moratalaz),ARROYO BELINCOSO,28030,MEDIA LEGUA,MORATALAZ,444706,4473646,40.40971737692924,-3.6529822109115133
Biblioteca P�blica Municipal Pablo Neruda (Ciudad Lineal),ASCAO,28017,PUEBLO NUEVO,CIUDAD LINEAL,445680,4475825,40.42941133441142,-3.6416899839787695
Biblioteca P�blica Municipal P�o Baroja (Arganzuela),ARGANDA,28005,ACACIAS,ARGANZUELA,440076,4472607,40.40003652682007,-3.7074488154950584
Biblioteca P�blica Municipal Portazgo (Puente de Vallecas),CANTALAPIEDRA,28038,NUMANCIA,PUENTE DE VALLECAS,444486,4471813,40.393189968014696,-3.6554147649183943
Biblioteca P�blica Municipal Pozo del T�o Raimundo (Puente de Vallecas),GLORIETAS,28053,ENTREVIAS,PUENTE DE VALLECAS,444059,4469640,40.3735856436473,-3.6602546064905397
Biblioteca P�blica Municipal San Blas (San Blas-Canillejas),SAN ROMAN DEL VALLE,28037,ARCOS,SAN BLAS-CANILLEJAS,447358,4474793,40.420231627534996,-3.6218113860909074
Biblioteca P�blica Municipal Vallecas (Puente de Vallecas),PUERTO DEL MONASTERIO,28053,SAN DIEGO,PUENTE DE VALLECAS,443626,4472022,40.395023959810636,-3.665554302127492
Biblioteca P�blica Municipal Vic�lvaro,VILLARDONDIEGO,28032,CASCO HISTORICO VICALVARO,VICALVARO,448466,4473127,40.405283650744316,-3.6086278232922804
Centro Conde Duque,CONDE DUQUE,28015,UNIVERSIDAD,CENTRO,439869,4475716,40.42802889001877,-3.710182353581842
Centro Cultural Agust�n D�az (Moncloa - Aravaca),COMANDANTE FORTEA,28008,CASA DE CAMPO,MONCLOA-ARAVACA,437982,4475676,40.427538776051804,-3.732422725110936
Centro Cultural Alfredo Kraus (Fuencarral - El Pardo),PRADERA DE VAQUERIZAS,28035,MIRASIERRA,FUENCARRAL-EL PARDO,438957,4482694,40.49082275610172,-3.7216054330053647
Centro Cultural Almirante Churruca (Latina),FUENTE DEL TIRO,28024,LAS AGUILAS,LATINA,433895,4470766,40.3829835905706,-3.7800890564106613
Centro Cultural Antonio Machado (San Blas - Canillejas),SAN ROM�N DEL VALLE,28037,ARCOS,SAN BLAS-CANILLEJAS,447365,4474799,40.42027705095574,-3.621741078700336
Centro Cultural Aravaca (Moncloa - Aravaca),DE LA ZARZA,28023,ARAVACA,MONCLOA-ARAVACA,433479,4479145,40.45843103553325,-3.785855667139094
Centro Cultural Buenavista (Salamanca),TOREROS,28028,GUINDALERA,SALAMANCA,443202,4476130,40.43200210571468,-3.6709293330780204
Centro Cultural Buero Vallejo (San Blas - Canillejas),BOLTA&Ntilde,A,28022,CANILLEJAS,SAN BLAS-CANILLEJAS,448133,4477512,40.44477474902185
Centro Cultural Carril del Conde (Hortaleza),CARRIL DEL CONDE,28043,CANILLAS,HORTALEZA,444625,4479327,40.46088953531134,-3.6544210187969433
Centro Cultural Casa de Vacas (Retiro).,COLOMBIA,28009,LOS JERONIMOS,RETIRO,442077,4474703,40.41906024374356,-3.6840615387926956
Centro Cultural Casa del Reloj (Arganzuela),CHOPERA,28045,CHOPERA,ARGANZUELA,440695,4471989,40.394522745106734,-3.7000855961559855
Centro Cultural Ciudad Pegaso (San Blas - Canillejas),S�PTIMA,28022,REJAS,SAN BLAS-CANILLEJAS,449391,4477910,40.448428925762634,-3.5980969888187393
Centro Cultural Dotacional Integrado Arganzuela,CANARIAS,28045,PALOS DE MOGUER,ARGANZUELA,441089,4472825,40.40207279862862,-3.6955325387824014
Centro Cultural Eduardo �rculo (Tetu�n),DONOSO,28029,ALMENARA,TETUAN,440967,4480259,40.46903299144094,-3.6976620067964996
Centro Cultural el Madro�o (Vic�lvaro),VILLARDONDIEGO,28032,CASCO H.VICALVARO,VICALVARO,448466,4473127,40.405292721436055,-3.6086161200017157
Centro Cultural El Pozo (Puente de Vallecas),DE LAS GLORIETAS,28053,ENTREVIAS,PUENTE DE VALLECAS,444059,4469640,40.3735856436473,-3.6602546064905397
Centro Cultural el Torito (Moratalaz),MORATALAZ,28030,VINATEROS,MORATALAZ,445250,4473240,40.40609591857167,-3.646536107063507
Centro Cultural Fernando de los R�os (Latina),CAMARENA,28047,ALUCHE,LATINA,435929,4472140,40.39552931214334,-3.7562667464373223
Centro Cultural Galileo (Chamber�),GALILEO,28015,ARAPILES,CHAMBERI,439851,4476347,40.43371190964793,-3.7104543597957758
Centro Cultural Gloria Fuertes (Barajas),LOGRO�O,28042,CORRALEJOS,BARAJAS,449775,4479261,40.460622835379624,-3.5936877657335935
Centro Cultural Hortaleza,SANTA VIRGILIA,28033,PINAR DEL REY,HORTALEZA,445689,4481092,40.476859845869534,-3.6420353342333227
Centro Cultural Huerta de la Salud (Hortaleza),MAR DE ARAL,28033,PINAR DEL REY,HORTALEZA,445599,4480837,40.4745567778344,-3.6430751341515526
Centro Cultural Jos� Luis L�pez V�zquez (San Blas - Canillejas),FEBRERO,28022,REJAS,SAN BLAS-CANILLEJAS,451540,4477716,40.446818592300296,-3.572741163820915
Centro Cultural Jos� Luis Sampedro (Latina) (antiguo Centro Cultural Lucero),CASTROSERNA,28047,LUCERO,LATINA,436542,4472809,40.40159394334669,-3.749110841406562
Centro Cultural Juan Gris (Moncloa - Aravaca),FRANCOS RODR�GUEZ,28039,VALDEZARZA,MONCLOA-ARAVACA,439719,4479028,40.457862962907384,-3.71225373746578
Centro Cultural Julio Cort�zar (Moncloa - Aravaca),ANTONIO MACHADO,28035,VALDEZARZA,MONCLOA-ARAVACA,439107,4480023,40.46678159096302,-3.7195669111891703
Centro Cultural Juvenil Usera,CUESTA,28026,MOSCARDO,USERA,440065,4471477,40.389856130874605,-3.7074718790538297
Centro Cultural la Elipa (Ciudad Lineal),SANTA FELICIDAD,28017,VENTAS,CIUDAD LINEAL,444934,4475281,40.42447060804354,-3.6504253324201104
Centro Cultural La Vaguada (Fuencarral - El Pardo),MONFORTE DE LEMOS,28029,EL PILAR,FUENCARRAL-EL PARDO,440003,4481374,40.47900813206291,-3.709138377702435
Centro Cultural Lope de Vega (Puente de Vallecas),CONCEJO DE TEVERGA,28053,ENTREVIAS,PUENTE DE VALLECAS,443084,4471058,40.386293684801885,-3.6718658006661906
Centro Cultural Los Rosales (Villaverde),LOS ROSALES,28021,BUTARQUE,VILLAVERDE,442592,4467116,40.35074797433515,-3.6773064421969233
Centro Cultural Luis Peidr� (Retiro),LUIS PEIDRO,28007,ADELFAS,RETIRO,442921,4472249,40.397020792322316,-3.673881351837232
Centro Cultural Mercado de Ibiza (Retiro),IBIZA,28009,IBIZA,RETIRO,442642,4474600,40.41817157699025,-3.677392762224429
Centro Cultural Meseta de Orcasitas (Usera),ASOCIACION,28041,ORCASITAS,USERA,439988,4469239,40.36968950845358,-3.7081679144829076
Centro Cultural Miguel Hern�ndez (Latina),SERRADILLA,28044,LAS AGUILAS,LATINA,433732,4470309,40.378853797128336,-3.7819616113032115
Centro Cultural Moncloa (Moncloa - Aravaca),MONCLOA,28008,ARGUELLES,MONCLOA-ARAVACA,439137,4476518,40.435209393826675,-3.7188765163188293
Centro Cultural Nicol�s Salmer�n (Chamart�n),MANTUANO,28002,CIUDAD JARDIN,CHAMARTIN,442766,4477922,40.44810636195716,-3.6762309620097398
Centro Cultural Orcasur (Usera),PUEBLO,28041,ORCASUR,USERA,440582,4468910,40.366768324753416,-3.701141063083806
Centro Cultural Palacete Quinta del Berro (Salamanca),ENRIQUE D'ALMONTE,28028,FUENTE DEL BERRO,SALAMANCA,443869,4475023,40.42206601994432,-3.662968075865235
Centro Cultural Pr�ncipe de Asturias (Ciudad Lineal),HERMANOS GARCIA NOBLEJAS,28037,PUEBLO NUEVO,CIUDAD LINEAL,446058,4476602,40.436444648624814,-3.6373000672722675
Centro Cultural Puerta de Toledo (Centro),GRAN VIA DE SAN FRANCISCO,28005,PALACIO,CENTRO,439702,4473428,40.40740551053055,-3.7119218940274026
Centro Cultural San Ferm�n (Usera),ESTAFETA,28041,SAN FERMIN,USERA,441357,4469445,40.37164288657417,-3.6920627827867514
Centro Cultural San Juan Bautista (Ciudad Lineal),SAN NEMESIO,28043,SAN JUAN BAUTISTA,CIUDAD LINEAL,444312,4478369,40.45224737965276,-3.6580402287911937
Centro Cultural Sara Montiel (Latina) (antiguo Centro Cultural Campamento),BOADILLA DEL MONTE,28024,CAMPAMENTO,LATINA,434331,4472625,40.399764677637116,-3.775144917950534
Centro Cultural Teresa de Calcuta (Barajas),NAVIO,28042,ALAMEDA DE OSUNA,BARAJAS,450284,4478668,40.45531140556268,-3.587638001688095
Centro Cultural Usera 1,RAFAELA YBARRA,28026,PRADOLONGO,USERA,439760,4470507,40.381095838993176,-3.710973351109332
Centro Cultural Usera 2,FELIPE CASTRO,28026,PRADOLONGO,USERA,439923,4470861,40.38429664257218,-3.7090866533057723
Centro Cultural Valdebernardo (Vic�lvaro),INDALECIO PRIETO,28032,CASCO H.VICALVARO,VICALVARO,447388,4472529,40.39982891410407,-3.621281890570377
Centro Cultural Zazuar (Villa de Vallecas),ZAZUAR,28031,SANTA EUGENIA,VILLA DE VALLECAS,448659,4470631,40.38281899948726,-3.606140062044455
Centro Cultural - Centro Socio Cultural Villa de Barajas,BOTICA,28042,CASCO H.BARAJAS,BARAJAS,451070,4480671,40.473402418562216,-3.5785233191070316
Centro de Formaci�n de Barajas,CANTABRIA,28042,ALAMEDA DE OSUNA,BARAJAS,450284,4478593,40.45463575922803,-3.587632115472542
Centro de Salud Santa Hortensia,SANTA HORTENSIA,28002,PROSPERIDAD,CHAMARTIN,443302,4477591,40.445161353404394,-3.6698809711248352
Centro de Servicios Sociales Dehesa de la Villa,ANTONIO MACHADO,28035,VALDEZARZA,MONCLOA-ARAVACA,439113,4480061,40.46711526748946,-3.7195114936540987
Centro de Servicios Sociales Eduardo Minguito,LEONOR GONGORA,28021,LOS ROSALES,VILLAVERDE,441806,4466878,40.34854935708132,-3.686539661954902
Centro de Servicios Sociales Entrev�as,YUSTE,28053,ENTREVIAS,PUENTE DE VALLECAS,443295,4469960,40.37641666740886,-3.6692821142332264
Centro de Servicios Sociales Guindalera,PILAR DE ZARAGOZA,28028,GUINDALERA,SALAMANCA,443357,4476296,40.43349910050292,-3.6691167784691703
Centro de Servicios Sociales Luis Vives,HERMANOS GARCIA NOBLEJAS,28037,PUEBLO NUEVO,CIUDAD LINEAL,446786,4475211,40.42395169186788,-3.6286003047950564
Centro de Servicios Sociales Pablo Neruda,GERARDO DIEGO,28018,PALOMERAS SURESTE,PUENTE DE VALLECAS,445409,4470917,40.385179370371446,-3.6444628142076514
Centro de Servicios Sociales San Diego,JAVIER DE MIGUEL,28018,PALOMERAS BAJAS,PUENTE DE VALLECAS,443780,4471322,40.38871930363662,-3.663689575700872
Centro de Servicios Sociales Santa Hortensia,SANTA HORTENSIA,28002,PROSPERIDAD,CHAMARTIN,443360,4477547,40.44476894081767,-3.6691931472225465
Centro Municipal de Mayores 'Alfonso XII',MIRA EL RIO,28048,EL PARDO,FUENCARRAL-EL PARDO,434217,4485937,40.51967355005567,-3.777870156722298
Centro Municipal de Mayores 'Antonio Machado',SAN ROMAN DEL VALLE,28037,ARCOS,SAN BLAS-CANILLEJAS,447365,4474799,40.42027705095574,-3.621741078700336
Centro Municipal de Mayores 'Ant�n Mart�n',CABEZA,28012,EMBAJADORES,CENTRO,440470,4473913,40.41182992691991,-3.702928583465715
Centro Municipal de Mayores 'Ascao',ASCAO,28017,PUEBLO NUEVO,CIUDAD LINEAL,445709,4475844,40.42958439423385,-3.6413497414718736
Centro Municipal de Mayores 'Blasco de Garay',BLASCO DE GARAY,28015,ARAPILES,CHAMBERI,439767,4476362,40.433840945976456,-3.711446072668338
Centro Municipal de Mayores 'Bucaramanga',BARRANQUILLA,28033,PINAR DEL REY,HORTALEZA,445868,4480641,40.47280872386733,-3.6398851240592336
Centro Municipal de Mayores 'Campamento',BOADILLA DEL MONTE,28024,CAMPAMENTO,LATINA,434963,4472501,40.39869732367937,-3.7676853284742142
Centro Municipal de Mayores 'Casa del Reloj',CHOPERA,28045,CHOPERA,ARGANZUELA,440824,4471863,40.3933877847248,-3.698565632659468
Centro Municipal de Mayores 'Ciudad de M�jico',RAFAEL FINAT,28044,LAS AGUILAS,LATINA,434827,4470404,40.379796096543636,-3.7690728792725787
Centro Municipal de Mayores 'Dehesa de la Villa',ANTONIO MACHADO,28035,VALDEZARZA,MONCLOA-ARAVACA,439113,4480061,40.46711526748946,-3.7195114936540987
Centro Municipal de Mayores 'Dos Amigos',DOS AMIGOS,28015,UNIVERSIDAD,CENTRO,439862,4475348,40.42471327582072,-3.7102299982331006
Centro Municipal de Mayores 'Eduardo Minguito',LEONOR GONGORA,28021,LOS ROSALES,VILLAVERDE,441806,4466878,40.34854935708132,-3.686539661954902
Centro Municipal de Mayores 'El Almendro',LADERA DE LOS ALMENDROS,28032,CASCO H.VICALVARO,VICALVARO,447166,4472783,40.40210302381573,-3.6239189412211457
Centro Municipal de Mayores 'El Pozo',GLORIETAS,28053,ENTREVIAS,PUENTE DE VALLECAS,444059,4469640,40.3735856436473,-3.6602546064905397
Centro Municipal de Mayores 'Entrev�as',YUSTE,28053,ENTREVIAS,PUENTE DE VALLECAS,443295,4469960,40.37641666740886,-3.6692821142332264
Centro Municipal de Mayores 'Infante Don Juan',MORET,28008,ARGUELLES,MONCLOA-ARAVACA,438981,4476413,40.43424297757217,-3.7207172544795784
Centro Municipal de Mayores 'Islas Filipinas',NUESTRA SE�ORA DEL VILLAR,28017,VENTAS,CIUDAD LINEAL,444814,4475167,40.42342659084215,-3.651841641389484
Centro Municipal de Mayores 'La Guindalera',PILAR DE ZARAGOZA,28028,GUINDALERA,SALAMANCA,443357,4476296,40.43349910050292,-3.6691167784691703
Centro Municipal de Mayores 'La Vaguada',MONFORTE DE LEMOS,28029,EL PILAR,FUENCARRAL-EL PARDO,439977,4481329,40.47860087334554,-3.7094408342979954
Centro Municipal de Mayores 'Le�eros',LE�EROS,28039,BELLAS VISTAS,TETUAN,439961,4478605,40.45406088024461,-3.7093713617566357
Centro Municipal de Mayores 'Lucero',CASTROSERNA,28047,LUCERO,LATINA,436537,4472830,40.40178273810314,-3.7491718558671474
Centro Municipal de Mayores 'Luis Vives',HERMANOS GARCIA NOBLEJAS,28037,PUEBLO NUEVO,CIUDAD LINEAL,446786,4475211,40.42395169186788,-3.6286003047950564
Centro Municipal de Mayores 'Maestro Alonso',MAESTRO ALONSO,28028,FUENTE DEL BERRO,SALAMANCA,443717,4475833,40.4293527096082,-3.664819790735596
Centro Municipal de Mayores 'Mar�a Zambrano',PINAZO,28021,SAN CRISTOBAL,VILLAVERDE,441426,4466302,40.34333382494165,-3.6909491943684447
Centro Municipal de Mayores 'Nicanor Barroso',ENCOMIENDA DE PALACIOS,28030,FONTARRON,MORATALAZ,445626,4472436,40.39887768991457,-3.6420363186993754
Centro Municipal de Mayores 'Nuestra Se�ora del Carmen',RAMON POWER,28043,CANILLAS,HORTALEZA,446570,4479589,40.46337730558992,-3.631515434596136
Centro Municipal de Mayores 'Pablo Neruda',GERARDO DIEGO,28018,PALOMERAS SURESTE,PUENTE DE VALLECAS,445409,4470917,40.385179370371446,-3.6444628142076514
Centro Municipal de Mayores 'Pamplona',PAMPLONA,28039,BELLAS VISTAS,TETUAN,440307,4478659,40.45458138286933,-3.7052844690568008
Centro Municipal de Mayores 'Prosperidad Santa Hortensia',SANTA HORTENSIA,28002,PROSPERIDAD,CHAMARTIN,443360,4477547,40.44476894081767,-3.6691931472225465
Centro Municipal de Mayores 'Pr�ncipe de Asturias',HERMANOS GARCIA NOBLEJAS,28037,PUEBLO NUEVO,CIUDAD LINEAL,446089,4476539,40.43587011477473,-3.6369291425796417
Centro Municipal de Mayores 'P�o Baroja',PIO BAROJA,28009,NI�O JESUS,RETIRO,442859,4474067,40.41339399749287,-3.674787205505522
Centro Municipal de Mayores 'San Diego',JAVIER DE MIGUEL,28018,PALOMERAS BAJAS,PUENTE DE VALLECAS,443780,4471322,40.38871930363662,-3.663689575700872
Centro Municipal de Mayores 'San Juan Bautista',BUESO PINEDA,28043,SAN JUAN BAUTISTA,CIUDAD LINEAL,444305,4478401,40.45252617323743,-3.6581255009849327
Centro Municipal de Mayores 'San Vicente de Pa�l',ANTONIA LANCHA,28019,OPA�EL,CARABANCHEL,438743,4471075,40.386075026633925,-3.7230547190101255
Centro Municipal de Mayores 'Santa Engracia',SANTA ENGRACIA,28003,RIOS ROSAS,CHAMBERI,440681,4477037,40.439987457420344,-3.700733879498953
Centro Municipal de Mayores 'Teresa de Calcuta',NAVIO,28042,ALAMEDA DE OSUNA,BARAJAS,450284,4478668,40.45531140556268,-3.587638001688095
Centro Municipal de Mayores 'Vic�lvaro',DAROCA,28032,CASCO H.VICALVARO,VICALVARO,448405,4472929,40.403496149688735,-3.609330588862229
Centro Municipal de Mayores 'Villa de Vallecas',PICO MAMPODRE,28031,CASCO H.VALLECAS,VILLA DE VALLECAS,447374,4470031,40.37732438108785,-3.6212400484216967
Centro Sociocultural  Siena (Ciudad Lineal),SIENA,28027,QUINTANA,CIUDAD LINEAL,444818,4476248,40.43316516575713,-3.651876723048774
Centro Sociocultural �gata (Villaverde),DOCTOR MARTIN AREVALO,28021,SAN ANDRES,VILLAVERDE,439937,4466650,40.34636268334182,-3.708524395897377
Centro Sociocultural Alberto S�nchez (Puente de Vallecas),RISCO DE PELOCHE,28038,NUMANCIA,PUENTE DE VALLECAS,444469,4471860,40.393612303425975,-3.6556073868098493
Centro Sociocultural Alfonso XII (Fuencarral - El Pardo),MIRA EL RIO,28048,EL PARDO,FUENCARRAL-EL PARDO,434214,4485937,40.519673311658686,-3.7779055687726535
Centro Sociocultural Blasco Ib��ez (Carabanchel),SOLDADO JOSE MARIA REY,28019,SAN ISIDRO,CARABANCHEL,437922,4472060,40.394959912881816,-3.732764798621339
Centro Sociocultural Bohemios (Villaverde),LOS BOHEMIOS,28041,LOS ANGELES,VILLAVERDE,441175,4467754,40.35639654251886,-3.6940501846610894
Centro Sociocultural C�novas del Castillo (Usera),JULIO AGUIRRE,28026,ALMENDRALES,USERA,440689,4471073,40.38626143332092,-3.7000825227295007
Centro Sociocultural Ciudad Lineal,JOSE LUIS DE ARRESE,28017,VENTAS,CIUDAD LINEAL,444826,4475103,40.422850906984415,-3.651682839770605
Centro Sociocultural Eduardo Chillida (Moratalaz),ARROYO BELINCOSO,28030,MEDIA LEGUA,MORATALAZ,444686,4473610,40.40939173676513,-3.653214777359331
Centro Sociocultural El Greco (Latina),EL GRECO,28011,LUCERO,LATINA,436687,4473443,40.407316328180464,-3.747465416906973
Centro Sociocultural Francisco Fatou (Villa de Vallecas),MANUEL VELEZ,28031,CASCO H.VALLECAS,VILLA DE VALLECAS,447216,4470283,40.379584618162156,-3.623110349262379
Centro Sociocultural Garc�a Lorca (Carabanchel),EUGENIA DE MONTIJO,28044,BUENAVISTA,CARABANCHEL,436352,4469770,40.37420290010211,-3.7510337449848636
Centro Sociocultural Jos� Espronceda (Tetu�n),ALMANSA,28039,BELLAS VISTAS,TETUAN,440367,4477999,40.44863106357685,-3.7045265016586013
Centro Sociocultural Juvenil Moratalaz,FUENTE CARRANTONA,28030,PAVONES,MORATALAZ,446083,4472471,40.399222766804556,-3.6366543437448824
Centro Sociocultural Latina,RODRIGO DE ARANA,28044,LAS AGUILAS,LATINA,435092,4470384,40.3796366471018,-3.7659492448759053
Centro Sociocultural Lavapi�s (Centro),OLIVAR,28012,EMBAJADORES,CENTRO,440583,4473672,40.40966697102759,-3.701574291636879
Centro Sociocultural Luis Gonzaga (Chamart�n),PRINCIPE DE VERGARA,28002,CIUDAD JARDIN,CHAMARTIN,442605,4477567,40.44489723228663,-3.6780972922453685
Centro Sociocultural Maestro Alonso (Salamanca),MAESTRO ALONSO,28028,FUENTE DEL BERRO,SALAMANCA,443715,4475837,40.42938854032785,-3.664855511110751
Centro Sociocultural Marconi (Villaverde),COLONIA MARCONI,28021,SAN ANDRES,VILLAVERDE,440582,4465356,40.334751832113774,-3.700809560921597
Centro Sociocultural Miguel de Cervantes (San Blas - Canillejas),ALIAGA,28022,CANILLEJAS,SAN BLAS-CANILLEJAS,448257,4476610,40.43664778776818,-3.611362970564875
Centro Sociocultural Oporto (Carabanchel),OPORTO,28019,OPA�EL,CARABANCHEL,438341,4471156,40.38684744124125,-3.727740326743959
Centro Sociocultural Rafael de Le�n (Fuencarral - El Pardo),ISLA DE ONS,28035,PE�A GRANDE,FUENCARRAL-EL PARDO,438959,4481521,40.48025613358832,-3.7214686777952974
Centro Sociocultural San Crist�bal de los �ngeles (Villaverde),PINAZO,28021,SAN CRISTOBAL,VILLAVERDE,441460,4466191,40.34233618931469,-3.6905504735084342
Centro Sociocultural San Jos� de Calasanz (Latina),MARIA DEL CARMEN,28011,PUERTA DEL ANGEL,LATINA,437939,4473339,40.40647389284976,-3.7327010920242043
Centro Sociocultural Santa Petronila (Villaverde),MARIA MARTINEZ OVIOL,28021,LOS ROSALES,VILLAVERDE,441386,4467139,40.35087114162283,-3.691508909255186
Centro Sociocultural Talleres de Creatividad (Puente de Vallecas),SIERRA CARBONERA,28053,SAN DIEGO,PUENTE DE VALLECAS,443641,4471476,40.39009728291889,-3.665329063724782
Centro Sociocultural Tetu�n,BRAVO MURILLO,28020,BERRUGUETE,TETUAN,440737,4479155,40.45907130615822,-3.700271645324868
Centro Sociocultural Valle Incl�n (Fuencarral - El Pardo),ARZOBISPO MORCILLO,28029,LA PAZ,FUENCARRAL-EL PARDO,441343,4481592,40.48106787416528,-3.6933504628706095
Centro Sociocultural Valverde (Fuencarral - El Pardo),ISLAS AZORES,28034,VALVERDE,FUENCARRAL-EL PARDO,441808,4483140,40.49504564211655,-3.6880070256093758
Centro Sociocultural Vic�lvaro,LAGO TITICACA,28032,CASCO H.VICALVARO,VICALVARO,448477,4472784,40.40219442341818,-3.6084585863003733
CentroCentro Cibeles de Cultura y Ciudadan�a,CIBELES,28014,LOS JERONIMOS,RETIRO,441386,4474703,40.419011767401095,-3.692206111679657
Hemeroteca Municipal,CONDE DUQUE,28015,UNIVERSIDAD,CENTRO,439864,4475706,40.427938443518215,-3.710240346719518
Museo de Historia de Madrid,FUENCARRAL,28004,JUSTICIA,CENTRO,440659,4475459,40.42577054821346,-3.700845660719608
Museo de San Isidro. Los or�genes de Madrid,SAN ANDRES,28005,PALACIO,CENTRO,439801,4473945,40.41207900253883,-3.7108161027466378
Oficina Auxiliar de Atenci�n a la Ciudadan�a de El Pardo. Oficina de Atenci�n a la Ciudadan�a L�nea Madrid Fuencarral - El Pardo,CAUDILLO,28048,EL PARDO,FUENCARRAL-EL PARDO,434259,4485962,40.51990209048081,-3.777376989484485
Oficina Auxiliar de Atenci�n a la Ciudadan�a de Valverde. Oficina de Atenci�n a la Ciudadan�a L�nea Madrid. Distrito de Fuencarral - El Pardo,ISLAS AZORES,28034,VALVERDE,FUENCARRAL-EL PARDO,441810,4483140,40.49504578261263,-3.687983425734921
Oficina de Atenci�n a la Ciudadan�a. L�nea Madrid. Distrito de Arganzuela,CHOPERA,28045,CHOPERA,ARGANZUELA,440824,4471863,40.3933877847248,-3.698565632659468
Oficina de Atenci�n a la Ciudadan�a. L�nea Madrid. Distrito de Barajas,MERCURIO,28042,CASCO H.BARAJAS,BARAJAS,451135,4480825,40.47479357890765,-3.577768444536064
Oficina de Atenci�n a la Ciudadan�a. L�nea Madrid. Distrito de Carabanchel,PLAZA DE TOROS,28025,VISTA ALEGRE,CARABANCHEL,437304,4471044,40.385751879834054,-3.7399577712175667
Oficina de Atenci�n a la Ciudadan�a. L�nea Madrid. Distrito de Centro,ATOCHA,28012,EMBAJADORES,CENTRO,440910,4473875,40.41151901471168,-3.697739488614288
Oficina de Atenci�n a la Ciudadan�a. L�nea Madrid. Distrito de Chamart�n,PRINCIPE DE VERGARA,28002,CIUDAD JARDIN,CHAMARTIN,442605,4477567,40.44489723228663,-3.6780972922453685
Oficina de Atenci�n a la Ciudadan�a. L�nea Madrid. Distrito de Chamber�,REINA VICTORIA,28003,VALLEHERMOSO,CHAMBERI,440338,4477782,40.446683231882865,-3.7048363430688873
Oficina de Atenci�n a la Ciudadan�a. L�nea Madrid. Distrito de Ciudad Lineal,HERMANOS GARCIA NOBLEJAS,28037,PUEBLO NUEVO,CIUDAD LINEAL,446081,4476551,40.435977697860075,-3.6370244805015153
Oficina de Atenci�n a la Ciudadan�a. L�nea Madrid. Distrito de Fuencarral - El Pardo,MONFORTE DE LEMOS,28029,EL PILAR,FUENCARRAL-EL PARDO,439943,4481321,40.478526343687925,-3.709841173334448
Oficina de Atenci�n a la Ciudadan�a. L�nea Madrid. Distrito de Hortaleza,CANILLAS,28043,CANILLAS,HORTALEZA,444396,4479562,40.46299114016909,-3.6571542769919407
Oficina de Atenci�n a la Ciudadan�a. L�nea Madrid. Distrito de Latina,GENERAL FANJUL,28044,LAS AGUILAS,LATINA,435243,4470971,40.38493634769686,-3.764230286224537
Oficina de Atenci�n a la Ciudadan�a. L�nea Madrid. Distrito de Moncloa - Aravaca,MONCLOA,28008,ARGUELLES,MONCLOA-ARAVACA,439138,4476517,40.43519137700088,-3.718876324432256
Oficina de Atenci�n a la Ciudadan�a. L�nea Madrid. Distrito de Moratalaz,FUENTE CARRANTONA,28030,PAVONES,MORATALAZ,446062,4472402,40.39859980911487,-3.6368959356337216
Oficina de Atenci�n a la Ciudadan�a. L�nea Madrid. Distrito de Puente de Vallecas,ALBUFERA,28038,SAN DIEGO,PUENTE DE VALLECAS,443562,4472203,40.39664109245883,-3.6663361506752064
Oficina de Atenci�n a la Ciudadan�a. L�nea Madrid. Distrito de Retiro,CIUDAD DE BARCELONA,28007,PACIFICO,RETIRO,442637,4472845,40.40236125879463,-3.6772931748500297
Oficina de Atenci�n a la Ciudadan�a. L�nea Madrid. Distrito de Salamanca,VELAZQUEZ,28001,RECOLETOS,SALAMANCA,442109,4475620,40.42732326877904,-3.683768008487216
Oficina de Atenci�n a la Ciudadan�a. L�nea Madrid. Distrito de San Blas - Canillejas,ARCENTALES,28022,ROSAS,SAN BLAS-CANILLEJAS,448404,4476368,40.434476793953166,-3.6096219543135817
Oficina de Atenci�n a la Ciudadan�a. L�nea Madrid. Distrito de Tetu�n,BRAVO MURILLO,28020,ALMENARA,TETUAN,441300,4479822,40.46511995745178,-3.6936936445946285
Oficina de Atenci�n a la Ciudadan�a. L�nea Madrid. Distrito de Usera,RAFAELA YBARRA,28026,PRADOLONGO,USERA,439780,4470653,40.38241253009179,-3.7107515747822353
Oficina de Atenci�n a la Ciudadan�a. L�nea Madrid. Distrito de Vic�lvaro,DON ANTONIO DE ANDRES,28032,CASCO H.VICALVARO,VICALVARO,448688,4472791,40.402270479784896,-3.6059845330840714
Oficina de Atenci�n a la Ciudadan�a. L�nea Madrid. Distrito de Villa de Vallecas,FEDERICO GARCIA LORCA,28031,CASCO H.VALLECAS,VILLA DE VALLECAS,447357,4470206,40.3788998244401,-3.621454785869909
Oficina de Atenci�n a la Ciudadan�a. L�nea Madrid. Distrito de Villaverde,ARROYO BUENO,28021,SAN ANDRES,VILLAVERDE,439712,4466933,40.348895848554626,-3.71120030905872
Oficina de Atenci�n a la Ciudadan�a. L�nea Madrid. Numancia,MONTE OLIVETI,28038,NUMANCIA,PUENTE DE VALLECAS,443501,4472339,40.39786211392555,-3.6670669926439974
Oficina de Atenci�n a la Ciudadan�a. L�nea Madrid. Sanchinarro,PRINCESA DE EBOLI,28050,VALDEFUENTES,HORTALEZA,444571,4482605,40.490415625465424,-3.655356751728003
"Oficina de Atenci�n Integral al Contribuyente. Calle Hierro, 27 (Legazpi)",HIERRO,28045,LEGAZPI,ARGANZUELA,441505,4471551,40.390625317093175,-3.6905132703065413
"Oficina de Atenci�n Integral al Contribuyente. Calle Raimundo Fern�ndez Villaverde, 32",RAIMUNDO FERNANDEZ VILLAVERDE,28003,RIOS ROSAS,CHAMBERI,440836,4477718,40.44613326792272,-3.6989699295578347
"Oficina de Atenci�n Integral al Contribuyente. Calle Ram�n Power, 24",RAMON POWER,28043,CANILLAS,HORTALEZA,446498,4479596,40.463444731027394,-3.63236531637309
"Oficina de Atenci�n Integral al Contribuyente. Calle Sacramento, 3 (Junto a la Plaza de la Villa)",SACRAMENTO,28005,PALACIO,CENTRO,439780,4474214,40.41449174864591,-3.7110890097804248
Oficina de objetos perdidos del Ayuntamiento de Madrid.,MOLINO,28045,LEGAZPI,ARGANZUELA,441220,4471557,40.39065926812701,-3.6938716039760795
"Oficina especializada del SER, APR y Biciregistro.",BUSTAMANTE,28045,DELICIAS,ARGANZUELA,441690,4472635,40.40039462478583,-3.68842123426747
Pabell�n de los Jardines de Cecilio Rodr�guez,URUGUAY,28009,NI�O JESUS,RETIRO,442712,4473970,40.41250110617827,-3.676499075231239
Punto de Atenci�n Social 'El Querol',VELEZ RUBIO,28033,APOSTOL SANTIAGO,HORTALEZA,443835,4481024,40.47612370683221,-3.6639006166974073
Sala de estudio Luis Garc�a Berlanga (Tetu�n),VI�A VIRGEN,28029,ALMENARA,TETUAN,441268,4479839,40.46527083469685,-3.6940726509061683
Sala de estudio Pilares (Barajas),LOS PILARES,28042,CASCO H.BARAJAS,BARAJAS,451132,4480853,40.47504564286,-3.577805996745736
Sala de estudio y lectura Arquitecto Juan de Herrera (Latina),MARIA DEL CARMEN,28011,PUERTA DEL ANGEL,LATINA,437939,4473339,40.40647389284976,-3.7327010920242043
Sala de estudio y lectura Cayetano Pando (Latina),CAYETANO PANDO,28011,LUCERO,LATINA,436600,4473199,40.40512065478807,-3.748466414403756
Sala de estudio y lectura Cebreros (Latina),CEBREROS,28011,LUCERO,LATINA,436600,4473199,40.40512065478807,-3.748466414403756
Sala de estudio y lectura Escritor Pedro de R�pide (Latina),MARIA DEL CARMEN,28011,PUERTA DEL ANGEL,LATINA,437939,4473339,40.40647389284976,-3.7327010920242043
Sala de estudio y lectura Maqueda (Latina),MAQUEDA,28011,LUCERO,LATINA,436687,4473443,40.407316328180464,-3.747465416906973
Sala de estudio y lectura Paseo de Extremadura (Latina),EL GRECO,28011,LUCERO,LATINA,436687,4473443,40.407316328180464,-3.747465416906973
Sala de Trabajos Colectivos Centro Sociocultural de Vic�lvaro,LAGO TITICACA,28032,CASCO H.VICALVARO,VICALVARO,448477,4472784,40.40219442341818,-3.6084585863003733
Smart Lab,MONFORTE DE LEMOS,28029,EL PILAR,FUENCARRAL-EL PARDO,440003,4481374,40.47900813206291,-3.709138377702435
